Commit_SHA,Author_Name,Author_Email,Committer_Name,Committer_Email
1233f08732458026aaab465d81c3dbb8e6096c73,2f41bbcdd3d29ac7c8cb3c0c912c19e64aa5c3ec82bc0272967642230bdafd07,62669042490cdd20a53971d9211aa0fd2d6076e4c162f79d6068cbfebc432c7e,f911e414cf6bdfc595532ab166b5ba0f63d73c021452fcdacbda363dda6ad8fb,41bf1d421cdc598fe18ce94704501bb79d9ff3533ef01d8ae15ba3178abd1014
3b0be926cf518204ae6c2481ee4e6f5b823e3f42,33fbeeb0a3222d210ebaf6f80e7924eb4cf9968cf7db1e2d6ca4b0919c218123,09e7e0ffcad940035a7e55a736f889bbfcc290f0210a3235a4146ead76edcb25,f911e414cf6bdfc595532ab166b5ba0f63d73c021452fcdacbda363dda6ad8fb,41bf1d421cdc598fe18ce94704501bb79d9ff3533ef01d8ae15ba3178abd1014
71722c8cece5796ae540e13a027c250e076a7726,33fbeeb0a3222d210ebaf6f80e7924eb4cf9968cf7db1e2d6ca4b0919c218123,09e7e0ffcad940035a7e55a736f889bbfcc290f0210a3235a4146ead76edcb25,f911e414cf6bdfc595532ab166b5ba0f63d73c021452fcdacbda363dda6ad8fb,41bf1d421cdc598fe18ce94704501bb79d9ff3533ef01d8ae15ba3178abd1014
77e364deaf66da5df79c658cf823046b50d14c89,2f41bbcdd3d29ac7c8cb3c0c912c19e64aa5c3ec82bc0272967642230bdafd07,62669042490cdd20a53971d9211aa0fd2d6076e4c162f79d6068cbfebc432c7e,f911e414cf6bdfc595532ab166b5ba0f63d73c021452fcdacbda363dda6ad8fb,41bf1d421cdc598fe18ce94704501bb79d9ff3533ef01d8ae15ba3178abd1014
7fdfeafd5052ede2fbb8bf21963a7547cb3524ae,25e57c3204180baca69a7a802e916db75789ed1c4c301990a242c4fcd365d40a,a76e010bc17b4a05489fc54ea478faa2d09977a0a3a92c3c5978c34a02dcf9f1,f911e414cf6bdfc595532ab166b5ba0f63d73c021452fcdacbda363dda6ad8fb,41bf1d421cdc598fe18ce94704501bb79d9ff3533ef01d8ae15ba3178abd1014
83143c732cdf6bc646d32701b9b1fb9c6ec3bf6a,25e57c3204180baca69a7a802e916db75789ed1c4c301990a242c4fcd365d40a,a76e010bc17b4a05489fc54ea478faa2d09977a0a3a92c3c5978c34a02dcf9f1,f911e414cf6bdfc595532ab166b5ba0f63d73c021452fcdacbda363dda6ad8fb,41bf1d421cdc598fe18ce94704501bb79d9ff3533ef01d8ae15ba3178abd1014
8e53b55a7a4c146b6d6b3d827ff2712fdc4d8abd,2f41bbcdd3d29ac7c8cb3c0c912c19e64aa5c3ec82bc0272967642230bdafd07,62669042490cdd20a53971d9211aa0fd2d6076e4c162f79d6068cbfebc432c7e,f911e414cf6bdfc595532ab166b5ba0f63d73c021452fcdacbda363dda6ad8fb,41bf1d421cdc598fe18ce94704501bb79d9ff3533ef01d8ae15ba3178abd1014
9e5a977de8347573c66e644a489ffced379b7192,2f41bbcdd3d29ac7c8cb3c0c912c19e64aa5c3ec82bc0272967642230bdafd07,62669042490cdd20a53971d9211aa0fd2d6076e4c162f79d6068cbfebc432c7e,f911e414cf6bdfc595532ab166b5ba0f63d73c021452fcdacbda363dda6ad8fb,41bf1d421cdc598fe18ce94704501bb79d9ff3533ef01d8ae15ba3178abd1014
a5273ee0aa408e02a08273421caf560d72b14445,2f41bbcdd3d29ac7c8cb3c0c912c19e64aa5c3ec82bc0272967642230bdafd07,62669042490cdd20a53971d9211aa0fd2d6076e4c162f79d6068cbfebc432c7e,f911e414cf6bdfc595532ab166b5ba0f63d73c021452fcdacbda363dda6ad8fb,41bf1d421cdc598fe18ce94704501bb79d9ff3533ef01d8ae15ba3178abd1014
aceee31d658cb869d1a06f5dceb249b1d5588815,33fbeeb0a3222d210ebaf6f80e7924eb4cf9968cf7db1e2d6ca4b0919c218123,09e7e0ffcad940035a7e55a736f889bbfcc290f0210a3235a4146ead76edcb25,f911e414cf6bdfc595532ab166b5ba0f63d73c021452fcdacbda363dda6ad8fb,41bf1d421cdc598fe18ce94704501bb79d9ff3533ef01d8ae15ba3178abd1014
b31ec967169587b6a5149ee4f6186513ea8fc275,ff81423fd44fc0fb20422ffb699ce225bacb400fb70ee3fee3743aac45e910b4,1dd7009fc27fcbeffb8adbaf85d52fcb64c6ae143418080022bb32c42f8a8cb7,ff81423fd44fc0fb20422ffb699ce225bacb400fb70ee3fee3743aac45e910b4,031d868517e6a3117c4756d07d1498f4f50bd64d8325d6290838a2abe4b92640
c4b323d46dde311f9836552ae1ba948ab896945e,33fbeeb0a3222d210ebaf6f80e7924eb4cf9968cf7db1e2d6ca4b0919c218123,09e7e0ffcad940035a7e55a736f889bbfcc290f0210a3235a4146ead76edcb25,f911e414cf6bdfc595532ab166b5ba0f63d73c021452fcdacbda363dda6ad8fb,41bf1d421cdc598fe18ce94704501bb79d9ff3533ef01d8ae15ba3178abd1014
c633825c8dd3b33b7afca02048697fb0ecac8a77,a1ed4cee09271ac3f56eb09bdf0a17cf2b7a7346fb0590bef8bdc121237679b7,2e25ddd37ca9825418e601f41b9282c755456878616fbf042d52227cbd97fe9a,f911e414cf6bdfc595532ab166b5ba0f63d73c021452fcdacbda363dda6ad8fb,41bf1d421cdc598fe18ce94704501bb79d9ff3533ef01d8ae15ba3178abd1014
cc8e41ffe3b7661aa54d28204c7efcfd4425974c,2f41bbcdd3d29ac7c8cb3c0c912c19e64aa5c3ec82bc0272967642230bdafd07,62669042490cdd20a53971d9211aa0fd2d6076e4c162f79d6068cbfebc432c7e,f911e414cf6bdfc595532ab166b5ba0f63d73c021452fcdacbda363dda6ad8fb,41bf1d421cdc598fe18ce94704501bb79d9ff3533ef01d8ae15ba3178abd1014
cf86d5a2c30e17a87635c9a8c2454e81fb51c4fc,2f41bbcdd3d29ac7c8cb3c0c912c19e64aa5c3ec82bc0272967642230bdafd07,62669042490cdd20a53971d9211aa0fd2d6076e4c162f79d6068cbfebc432c7e,f911e414cf6bdfc595532ab166b5ba0f63d73c021452fcdacbda363dda6ad8fb,41bf1d421cdc598fe18ce94704501bb79d9ff3533ef01d8ae15ba3178abd1014
d3d5d2dc02cb876e0b5307e87fbb56a307f52e63,2f41bbcdd3d29ac7c8cb3c0c912c19e64aa5c3ec82bc0272967642230bdafd07,62669042490cdd20a53971d9211aa0fd2d6076e4c162f79d6068cbfebc432c7e,f911e414cf6bdfc595532ab166b5ba0f63d73c021452fcdacbda363dda6ad8fb,41bf1d421cdc598fe18ce94704501bb79d9ff3533ef01d8ae15ba3178abd1014
d7398f28afcc94959ac4af6fe2904e2710264b06,33fbeeb0a3222d210ebaf6f80e7924eb4cf9968cf7db1e2d6ca4b0919c218123,09e7e0ffcad940035a7e55a736f889bbfcc290f0210a3235a4146ead76edcb25,f911e414cf6bdfc595532ab166b5ba0f63d73c021452fcdacbda363dda6ad8fb,41bf1d421cdc598fe18ce94704501bb79d9ff3533ef01d8ae15ba3178abd1014
deb436af459e007374da48acd9fa2e0ed209b514,25e57c3204180baca69a7a802e916db75789ed1c4c301990a242c4fcd365d40a,a76e010bc17b4a05489fc54ea478faa2d09977a0a3a92c3c5978c34a02dcf9f1,f911e414cf6bdfc595532ab166b5ba0f63d73c021452fcdacbda363dda6ad8fb,41bf1d421cdc598fe18ce94704501bb79d9ff3533ef01d8ae15ba3178abd1014
eedd575fb4e6061162d5d08e41ef277411077d0f,ff81423fd44fc0fb20422ffb699ce225bacb400fb70ee3fee3743aac45e910b4,1dd7009fc27fcbeffb8adbaf85d52fcb64c6ae143418080022bb32c42f8a8cb7,ff81423fd44fc0fb20422ffb699ce225bacb400fb70ee3fee3743aac45e910b4,031d868517e6a3117c4756d07d1498f4f50bd64d8325d6290838a2abe4b92640
